,Nombre sucursal,Dirección,Delegación o municipio,Colonia,C.P.,LAT,LONG,Horarios de atención entre semana,Horarios de atención entre semana,Días de atención fin de semana,Horarios de atención fin de semana,Días de atención fin de semana,Horarios de atención fin de semana,Servicios de esta sucursal</h3,,,,,,,,,,,,,,,,,,,,,
0,Agrícola Oriental,Calle: Av. Javier Rojo Gómez No. 382,Iztacalco,Agrícola Oriental,8500,19.391767,-99.073786,lunes a viernes,07:00-18:00,sábado,07:00-15:00,domingo,08:00-12:00,Análisis Clínicos,Colposcopía*,Densitometría,Electrocardiografía en Reposo,Mastografía*,Radiología Convencional,Ultrasonido Convencional*,NA,*Estudios que requieren previa cita.</p,NA,NA,Distancia y tiempo estimado desde su ubicación</h3,NA,NA,NA,NA,NA,NA,NA,NA,NA,NA
1,Alamedas Atizapán,Calle: Multiplaza Alamedas Loc. 14-15,Atizapán de Zaragoza,Frac. las Alamedas,52970,19.554801,-99.242436,lunes a viernes,07:00-15:00,sábado,07:00-15:00,domingo,N/A,Análisis Clínicos,Colposcopía*,Electrocardiografía en Reposo,Mastografía*,Radiología Convencional,Ultrasonido  Doppler*,Ultrasonido Convencional*,Ultrasonido Mamario*,Ultrasonido Músculo Esquelético*,NA,*Estudios que requieren previa cita.</p,NA,NA,NA,NA,NA,NA,NA,NA,NA,NA,NA
2,Aragón,Calle: Calle 34 Local 1,Nezahualcóyotl,Jardínes de Guadalupe,57140,19.478164,-99.053915,lunes a viernes,07:00-18:00,sábado,07:00-15:00,domingo,08:00-14:00,Análisis Clínicos,Colposcopía*,Densitometría,Electrocardiografía en Reposo,Holter Cardiaco*,Holter M.A.P.A.*,Mastografía*,Radiología Convencional,Ultrasonido  Doppler*,Ultrasonido Convencional*,Ultrasonido Mamario*,NA,*Estudios que requieren previa cita.</p,NA,NA,NA,NA,NA,NA,NA,NA,NA
3,Azcapotzalco,Calle: Av. 16 de Septiembre No. 33,Azcapotzalco,Azcapotzalco Centro,2000,19.477977,-99.185871,lunes a viernes,07:00-19:00,sábado,07:00-15:00,domingo,08:00-14:00,Análisis Clínicos,Colposcopía*,Densitometría,Electrocardiografía en Reposo,Holter Cardiaco*,Holter M.A.P.A.*,Mastografía*,Radiología Convencional,Ultrasonido Convencional*,Ultrasonido Mamario*,NA,*Estudios que requieren previa cita.</p,NA,NA,NA,NA,NA,NA,NA,NA,NA,NA
4,Bosques del Lago,Calle: Circuito Bosques de Bolognias N°225,Cuautitlán Izcalli,Bosques del Lago,54766,19.61531,-99.24047,lunes a viernes,07:00-15:00,sábado,07:00-15:00,domingo,N/A,Análisis Clínicos,Densitometría,Electrocardiografía en Reposo,Radiología Convencional,Ultrasonido Convencional*,Ultrasonido Mamario*,NA,*Estudios que requieren previa cita.</p,NA,NA,Distancia y tiempo estimado desde su ubicación</h3,NA,NA,NA,NA,NA,NA,NA,NA,NA,NA,NA
5,Centro Médico Cuauhtémoc,Calle: Av. Cuauhtémoc No.379,Cuauhtémoc,Roma Sur,6760,19.407345,-99.155272,lunes a viernes,06:00-19:00,sábado,06:00-17:00,domingo,08:00-14:00,Análisis Clínicos,Audiometría,Colposcopía*,Ecocardiografía*,Electrocardiografía en Reposo,Espirometría,Fluoroscopia*,Holter Cardiaco*,NA,Mastografía*,Medicina Nuclear*,Neurofisiología*,Radiología Convencional,Resonancia Magnética*,Tomografía Computarizada*,Ultrasonido  Doppler*,Ultrasonido Convencional*,Ultrasonido Mamario*,Ultrasonido Músculo Esquelético*,NA,*Estudios que requieren previa cita.</p,NA
6,City Xochimilco,Calle: Av. Guadalupe I. Ramirez N° 610,Xochimilco,Tierra Nueva,16050,19.26779,-99.12429,lunes a viernes,07:00-15:00,sábado,07:00-15:00,domingo,N/A,Análisis Clínicos,Densitometría,Electrocardiografía en Reposo,Mastografía*,Radiología Convencional,Ultrasonido Convencional*,Ultrasonido Mamario*,NA,*Estudios que requieren previa cita.</p,NA,NA,Distancia y tiempo estimado desde su ubicación</h3,NA,NA,NA,NA,NA,NA,NA,NA,NA,NA
7,Coacalco,Calle: Vía José López Portillo No. 160 Local B,Coacalco de Berriozábal,Santa María Magdalena Huizachitla,55715,19.631851,-99.092043,lunes a viernes,07:00-17:00,sábado,07:00-15:00,domingo,08:00-14:00,Análisis Clínicos,Colposcopía*,Densitometría,Electrocardiografía en Reposo,Mastografía*,Radiología Convencional,Ultrasonido Convencional*,Ultrasonido Mamario*,NA,*Estudios que requieren previa cita.</p,NA,NA,NA,NA,NA,NA,NA,NA,NA,NA,NA,NA
8,Cuajimalpa,Calle: Av. José Maria Castorena No. 320 (Plaza del Monte),Cuajimalpa de Morelos,Cuajimalpa,5000,19.360521,-99.29183,lunes a viernes,07:00-18:00,sábado,07:00-15:00,domingo,N/A,Análisis Clínicos,Colposcopía*,Densitometría,Electrocardiografía en Reposo,Mastografía*,Radiología Convencional,Ultrasonido Convencional*,NA,*Estudios que requieren previa cita.</p,NA,NA,Distancia y tiempo estimado desde su ubicación</h3,NA,NA,NA,NA,NA,NA,NA,NA,NA,NA
9,Del Valle,Calle: Av. Eugenia No. 425,Benito Juárez,Del Valle Centro,3100,19.387878,-99.170106,lunes a viernes,07:00-15:00,sábado,07:00-15:00,domingo,08:00-14:00,Análisis Clínicos,Colposcopía*,Densitometría,Electrocardiografía en Reposo,Mastografía*,Radiología Convencional,Ultrasonido  Doppler*,Ultrasonido Convencional*,Ultrasonido Mamario*,NA,*Estudios que requieren previa cita.</p,NA,NA,NA,NA,NA,NA,NA,NA,NA,NA,NA
10,Eduardo Molina,"Calle: Fray Toribio de Benavente No. 165 local 6,",Gustavo A. Madero,Vasco de Quiroga,7440,19.49758,-99.09043,lunes a viernes,07:00-15:00,sábado,07:00-15:00,domingo,N/A,Análisis Clínicos,Electrocardiografía en Reposo,Radiología Convencional,Ultrasonido Convencional*,Ultrasonido Mamario*,NA,*Estudios que requieren previa cita.</p,NA,NA,Distancia y tiempo estimado desde su ubicación</h3,NA,NA,NA,NA,NA,NA,NA,NA,NA,NA,NA,NA
11,Ermita,Calle: Avenida Ermita Iztapalapa No. 927,Iztapalapa,Santa Isabel Industrial,9820,19.355734,-99.101457,lunes a viernes,07:00-19:00,sábado,07:00-15:00,domingo,08:00-14:00,Análisis Clínicos,Colposcopía*,Densitometría,Electrocardiografía en Reposo,Holter Cardiaco*,Holter M.A.P.A.*,Mastografía*,Radiología Convencional,Ultrasonido Convencional*,Ultrasonido Mamario*,NA,*Estudios que requieren previa cita.</p,NA,NA,NA,NA,NA,NA,NA,NA,NA,NA
12,Glorieta de Insurgentes,Calle: Av. Insurgentes Local de la glorieta No.30,Cuauhtémoc,Roma,6600,19.42312,-99.162838,lunes a viernes,07:00-15:00,sábado,07:00-15:00,domingo,N/A,Análisis Clínicos,NA,*Estudios que requieren previa cita.</p,NA,NA,Distancia y tiempo estimado desde su ubicación</h3,NA,NA,NA,NA,Ir con Waze</a,NA,NA,NA,NA,NA,NA,NA,NA,NA,NA,NA
13,Holbein,Calle: Calle Atlanta Local D. No. 134,Benito Juárez,Ciudad de los Deportes,3710,19.38183,-99.17934,lunes a viernes,07:00-15:00,sábado,07:00-15:00,domingo,N/A,Análisis Clínicos,Electrocardiografía en Reposo,Radiología Convencional,Ultrasonido Convencional*,Ultrasonido Mamario*,NA,*Estudios que requieren previa cita.</p,NA,NA,Distancia y tiempo estimado desde su ubicación</h3,NA,NA,NA,NA,NA,NA,NA,NA,NA,NA,NA,NA
14,Independencia,Calle: Av. Lázaro Cárdenas #1030,Benito Juárez,Independencia,3630,19.379422,-99.148056,lunes a viernes,07:00-15:00,sábado,07:00-15:00,domingo,N/A,Análisis Clínicos,Electrocardiografía en Reposo,Ultrasonido Convencional*,Ultrasonido Mamario*,NA,*Estudios que requieren previa cita.</p,NA,NA,Distancia y tiempo estimado desde su ubicación</h3,NA,NA,NA,NA,NA,NA,NA,NA,NA,NA,NA,NA,NA
15,Interlomas,"Calle: Av. Jesús del Monte No. 37 Local: 26,  27 y 28",Huixquilucan,Ex-hacienda Jesús Del Monte,52772,19.396153,-99.289455,lunes a viernes,07:00-18:00,sábado,07:00-15:00,domingo,N/A,Análisis Clínicos,Colposcopía*,Densitometría,Electrocardiografía en Reposo,Espirometría,Holter Cardiaco*,Holter M.A.P.A.*,Mastografía*,Radiología Convencional,Ultrasonido Convencional*,NA,*Estudios que requieren previa cita.</p,NA,NA,NA,NA,NA,NA,NA,NA,NA,NA
16,Izcalli,Calle: Avenida 1 de Mayo Mz. C-34 A Lt. 25,Cuautitlán Izcalli,Centro Urbano,54700,19.652002,-99.208897,lunes a viernes,07:00-15:00,sábado,07:00-15:00,domingo,08:00-14:00,Análisis Clínicos,Audiometría,Colposcopía*,Densitometría,Electrocardiografía en Reposo,Espirometría,Mastografía*,Radiología Convencional,Servicio Médico a Empresas,Ultrasonido Convencional*,Ultrasonido Mamario*,NA,*Estudios que requieren previa cita.</p,NA,NA,NA,NA,NA,NA,NA,NA,NA
17,Jardín Balbuena,Calle: Avenida Fray Servando No. 935,Venustiano Carranza,Jardín Balbuena,15900,19.417487,-99.103439,lunes a viernes,06:00-19:00,sábado,06:00-15:00,domingo,08:00-14:00,Análisis Clínicos,Colposcopía*,Densitometría,Electrocardiografía en Reposo,Holter Cardiaco*,Holter M.A.P.A.*,Mastografía*,Radiología Convencional,Tomografía Computarizada*,Ultrasonido  Doppler*,Ultrasonido Convencional*,Ultrasonido Mamario*,NA,*Estudios que requieren previa cita.</p,NA,NA,NA,NA,NA,NA,NA,NA
18,Jardines de la Hacienda,"Calle: Plaza Acequia Lote 3-6, Calle Acequia",Cuautitlán Izcalli,Fraccionamiento Jardines de la Hacienda,54720,19.67427,-99.20396,lunes a viernes,07:00-15:00,sábado,07:00-15:00,domingo,N/A,Análisis Clínicos,Electrocardiografía en Reposo,NA,*Estudios que requieren previa cita.</p,NA,NA,Distancia y tiempo estimado desde su ubicación</h3,NA,NA,Ir con Google Maps</a,NA,NA,NA,NA,NA,NA,NA,NA,NA,NA,NA,NA
19,Jinetes,Calle: Av. Jinetes No. 195,Atizapán de Zaragoza,Las Arboledas,52950,19.562001,-99.222611,lunes a viernes,07:00-15:00,sábado,07:00-15:00,domingo,N/A,Análisis Clínicos,Electrocardiografía en Reposo,Radiología Convencional,Ultrasonido Convencional*,Ultrasonido Mamario*,NA,*Estudios que requieren previa cita.</p,NA,NA,Distancia y tiempo estimado desde su ubicación</h3,NA,NA,NA,NA,NA,NA,NA,NA,NA,NA,NA,NA
20,La Raza,Calle: Calzada Vallejo No. 294,Azcapotzalco,San Francisco Xocotitla Pueblo,2960,19.467589,-99.144413,lunes a viernes,07:00-15:00,sábado,07:00-15:00,domingo,N/A,Análisis Clínicos,Electrocardiografía en Reposo,Radiología Convencional,Ultrasonido Convencional*,NA,*Estudios que requieren previa cita.</p,NA,NA,Distancia y tiempo estimado desde su ubicación</h3,NA,NA,NA,NA,NA,NA,NA,NA,NA,NA,NA,NA,NA
21,La Viga,Calle: Calzada La Viga # 1368,Iztapalapa,San Juanico Nextipac,3940,19.373647,-99.122334,lunes a viernes,07:00-15:00,sábado,07:00-15:00,domingo,N/A,Análisis Clínicos,Radiología Convencional,Ultrasonido Convencional*,Ultrasonido Mamario*,NA,*Estudios que requieren previa cita.</p,NA,NA,Distancia y tiempo estimado desde su ubicación</h3,NA,NA,NA,NA,NA,NA,NA,NA,NA,NA,NA,NA,NA
22,Las Águilas 2,Calle: Calzada Las Águilas  No. 1168,Álvaro Obregón,Col. San Clemente Sur,1710,19.348907,-99.226746,lunes a viernes,06:00-19:00,sábado,07:00-15:00,domingo,08:00-14:00,Análisis Clínicos,Colposcopía*,Densitometría,Electrocardiografía en Reposo,Mastografía*,Radiología Convencional,Tomas a Domicilio,Ultrasonido Convencional*,Ultrasonido Mamario*,NA,*Estudios que requieren previa cita.</p,NA,NA,NA,NA,NA,NA,NA,NA,NA,NA,NA
23,Lindavista-Montevideo,"Calle: Av. Montevideo No.191, Lindavista",Gustavo A. Madero,Lindavista Sur,7300,19.488751,-99.127667,lunes a viernes,06:00-20:00,sábado,06:00-17:00,domingo,08:00-14:00,Análisis Clínicos,Audiometría,Colposcopía*,Densitometría,Ecocardiografía*,Electrocardiografía en Reposo,Espirometría,Examen Médico,Mastografía*,Neurofisiología*,Radiología Convencional,Ultrasonido Convencional*,NA,*Estudios que requieren previa cita.</p,NA,NA,NA,NA,NA,NA,NA,NA
24,Lomas Verdes,Calle: Av. Lomas Verdes No. 80,Naucalpan de Juárez,Boulevares Fraccionamiento,53140,19.496464,-99.249292,lunes a viernes,07:00-15:00,sábado,07:00-15:00,domingo,N/A,Análisis Clínicos,Electrocardiografía en Reposo,Mastografía*,Radiología Convencional,Ultrasonido Convencional*,Ultrasonido Mamario*,NA,*Estudios que requieren previa cita.</p,NA,NA,Distancia y tiempo estimado desde su ubicación</h3,NA,NA,NA,NA,NA,NA,NA,NA,NA,NA,NA
25,Miguel Ángel de Quevedo,Calle: Avenida Miguel Ángel de Quevedo No. 869,Coyoacán,La Concepción Barrio,4830,19.343416,-99.156431,lunes a viernes,07:00-15:00,sábado,07:00-15:00,domingo,N/A,Análisis Clínicos,Colposcopía*,Densitometría,Electrocardiografía en Reposo,Holter Cardiaco*,Mastografía*,Radiología Convencional,Ultrasonido  Doppler*,Ultrasonido Convencional*,Ultrasonido Mamario*,NA,*Estudios que requieren previa cita.</p,NA,NA,NA,NA,NA,NA,NA,NA,NA,NA
26,Mixcoac,Calle: Av. Molinos No. 50,Benito Juárez,Mixcoac,3910,19.37253,-99.19053,lunes a viernes,07:00-15:00,sábado,07:00-15:00,domingo,N/A,Análisis Clínicos,Colposcopía*,Densitometría,Electrocardiografía en Reposo,Mastografía*,Radiología Convencional,Ultrasonido Convencional*,Ultrasonido Mamario*,NA,*Estudios que requieren previa cita.</p,NA,NA,NA,NA,NA,NA,NA,NA,NA,NA,NA,NA
27,Multi Plaza Aragón,Calle: Av. Carlos Hank González No. 120 Local 173,Ecatepec de Morelos,Rinconada de Aragón Fraccionamiento,55140,19.531157,-99.028555,lunes a viernes,07:00-15:00,sábado,07:00-15:00,domingo,N/A,Análisis Clínicos,Electrocardiografía en Reposo,Radiología Convencional,Ultrasonido Convencional*,NA,*Estudios que requieren previa cita.</p,NA,NA,Distancia y tiempo estimado desde su ubicación</h3,NA,NA,NA,NA,NA,NA,NA,NA,NA,NA,NA,NA,NA
28,Narvarte,Calle: Dr. José María Vertíz 1295,Benito Juárez,Vertiz Narvarte,3600,19.375041,-99.154487,lunes a viernes,07:00-19:00,sábado,07:00-15:00,domingo,08:00-14:00,Análisis Clínicos,Colposcopía*,Densitometría,Electrocardiografía en Reposo,Holter Cardiaco*,Holter M.A.P.A.*,Mastografía*,Radiología Convencional,Ultrasonido Convencional*,Ultrasonido Mamario*,Ultrasonido Músculo Esquelético*,NA,*Estudios que requieren previa cita.</p,NA,NA,NA,NA,NA,NA,NA,NA,NA
29,Palmas,"Calle: Avenida de las Palmas No. 745 Piso 3, Despacho  306",Miguel Hidalgo,Lomas de Chapultepec I Sección,11000,19.429516,-99.215326,lunes a viernes,07:00-15:00,sábado,07:00-15:00,domingo,N/A,Análisis Clínicos,Colposcopía*,Densitometría,Electrocardiografía en Reposo,Mastografía*,Radiología Convencional,Ultrasonido Convencional*,Ultrasonido Mamario*,Ultrasonido Músculo Esquelético*,NA,*Estudios que requieren previa cita.</p,NA,NA,NA,NA,NA,NA,NA,NA,NA,NA,NA
30,Patriotismo,"Calle: Av. Patriotismo No. 147, Local A",Miguel Hidalgo,Escandón II Sección.,11800,19.399264,-99.180064,lunes a viernes,07:00-15:00,sábado,07:00-15:00,domingo,N/A,Análisis Clínicos,Electrocardiografía en Reposo,Radiología Convencional,Ultrasonido Convencional*,Ultrasonido Mamario*,NA,*Estudios que requieren previa cita.</p,NA,NA,Distancia y tiempo estimado desde su ubicación</h3,NA,NA,NA,NA,NA,NA,NA,NA,NA,NA,NA,NA
31,Plaza Cantil,Calle: Av. Aztecas 270,Coyoacán,Los Reyes,4330,19.3287023,-99.1536418,lunes a viernes,07:00-15:00,sábado,07:00-15:00,domingo,N/A,Análisis Clínicos,NA,*Estudios que requieren previa cita.</p,NA,NA,Distancia y tiempo estimado desde su ubicación</h3,NA,NA,NA,NA,Ir con Waze</a,NA,NA,NA,NA,NA,NA,NA,NA,NA,NA,NA
32,Plaza Inn,Calle: Insurgentes Sur No. 1971 Local 231 y 232,Álvaro Obregón,Guadalupe Inn,10200,19.351659,-99.18633,lunes a viernes,07:00-19:00,sábado,07:00-15:00,domingo,N/A,Análisis Clínicos,Colposcopía*,Densitometría,Electrocardiografía en Reposo,Endoscopía*,Mastografía*,Radiología Convencional,Ultrasonido  Doppler*,Ultrasonido Convencional*,Ultrasonido Mamario*,NA,*Estudios que requieren previa cita.</p,NA,NA,NA,NA,NA,NA,NA,NA,NA,NA
33,Plaza Miramontes,Calle: Avenida Canal de Miramontes No. 2600 Local C 21,Coyoacán,Los Cipreses,4830,19.320762,-99.132471,lunes a viernes,07:00-19:00,sábado,07:00-15:00,domingo,08:00-14:00,Análisis Clínicos,Colposcopía*,Densitometría,Electrocardiografía en Reposo,Holter Cardiaco*,Holter M.A.P.A.*,Mastografía*,Radiología Convencional,Ultrasonido Convencional*,Ultrasonido Mamario*,NA,*Estudios que requieren previa cita.</p,NA,NA,NA,NA,NA,NA,NA,NA,NA,NA
34,Plaza Satélite,Calle: Avenida Circuito Centro Comercial No. 16 C,Naucalpan de Juárez,Ciudad Satélite Fraccionamiento,53100,19.507016,-99.233633,lunes a viernes,06:00-19:00,sábado,06:00-15:00,domingo,08:00-14:00,Análisis Clínicos,Densitometría,Electrocardiografía en Reposo,Mastografía*,Radiología Convencional,Ultrasonido Convencional*,NA,*Estudios que requieren previa cita.</p,NA,NA,Distancia y tiempo estimado desde su ubicación</h3,NA,NA,NA,NA,NA,NA,NA,NA,NA,NA,NA
35,Polanco,Calle: Avenida Ejército Nacional No. 963,Miguel Hidalgo,Irrigación,11500,19.438817,-99.206153,lunes a viernes,06:00-20:00,sábado,06:00-17:00,domingo,08:00-14:00,Análisis Clínicos,Audiometría,Colposcopía*,Densitometría,Ecocardiografía*,Electrocardiografía en Reposo,Espirometría,Holter Cardiaco*,NA,Mastografía*,Neurofisiología*,Polisomnografía*,Radiología Convencional,Resonancia Magnética*,Servicio Médico a Empresas,Tomografía Computarizada*,Ultrasonido  Doppler*,Ultrasonido Convencional*,Ultrasonido Cuarta Dimensión*,Ultrasonido Mamario*,Ultrasonido Músculo Esquelético*,NA
36,Roma,Calle: Álvaro Obregón No.121 Planta Baja,Cuauhtémoc,Roma Norte,6700,19.418435,-99.160355,lunes a viernes,07:00-19:00,sábado,07:00-15:00,domingo,08:00-14:00,Análisis Clínicos,Colposcopía*,Densitometría,Electrocardiografía en Reposo,Endoscopía*,Holter Cardiaco*,Holter M.A.P.A.*,Mastografía*,Radiología Convencional,Ultrasonido  Doppler*,Ultrasonido Convencional*,Ultrasonido Mamario*,Ultrasonido Músculo Esquelético*,NA,*Estudios que requieren previa cita.</p,NA,NA,NA,NA,NA,NA,NA
37,San Isidro,Calle: Calzada San Isidro No. 660,Azcapotzalco,San Pedro Xalpa,2710,19.4859,-99.21205,lunes a viernes,07:00-15:00,sábado,07:00-15:00,domingo,N/A,Análisis Clínicos,Electrocardiografía en Reposo,Radiología Convencional,Ultrasonido Convencional*,NA,*Estudios que requieren previa cita.</p,NA,NA,Distancia y tiempo estimado desde su ubicación</h3,NA,NA,NA,NA,NA,NA,NA,NA,NA,NA,NA,NA,NA
38,San Jerónimo,"Calle: Avenida San Jerónimo No. 630 Loc HO 13 y 14, (Centro Comercial San Jerónimo)",Álvaro Obregón,La Otra Banda Barrio,1090,19.330446,-99.208393,lunes a viernes,06:00-20:00,sábado,06:00-15:00,domingo,08:00-14:00,Análisis Clínicos,Colposcopía*,Densitometría,Ecocardiografía*,Electrocardiografía en Reposo,Holter Cardiaco*,Holter M.A.P.A.*,Mastografía*,Neurofisiología*,Radiología Convencional,Resonancia Magnética*,Servicio Médico a Empresas,Tomografía Computarizada*,Ultrasonido  Doppler*,Ultrasonido Convencional*,Ultrasonido Mamario*,Ultrasonido Músculo Esquelético*,NA,NA,NA,NA,NA
39,San Lorenzo,Calle: Calzada de San Lorenzo No. 60,Iztapalapa,Esther Zuno de Echeverría,9860,19.32071,-99.07566,lunes a viernes,07:00-15:00,sábado,07:00-15:00,domingo,N/A,Análisis Clínicos,Electrocardiografía en Reposo,NA,*Estudios que requieren previa cita.</p,NA,NA,Distancia y tiempo estimado desde su ubicación</h3,NA,NA,Ir con Google Maps</a,NA,NA,NA,NA,NA,NA,NA,NA,NA,NA,NA,NA
40,Santa Teresa,Calle: Plaza Santa Teresa Blvd. Adolfo Ruíz Cortines #4020 Local 8A,Álvaro Obregón,Jardínes del Pedregal,1900,19.307436,-99.213913,lunes a viernes,07:00-15:00,sábado,07:00-15:00,domingo,N/A,Análisis Clínicos,Electrocardiografía en Reposo,Ultrasonido Convencional*,Ultrasonido Mamario*,NA,*Estudios que requieren previa cita.</p,NA,NA,Distancia y tiempo estimado desde su ubicación</h3,NA,NA,NA,NA,NA,NA,NA,NA,NA,NA,NA,NA,NA
41,Tláhuac,"Calle: Cenicienta #204, Esquina Av. La Turba",Tláhuac,Miguel Hidalgo,13200,19.286746,-99.046487,lunes a viernes,07:00-15:00,sábado,07:00-15:00,domingo,N/A,Análisis Clínicos,Electrocardiografía en Reposo,Radiología Convencional,Ultrasonido Convencional*,NA,*Estudios que requieren previa cita.</p,NA,NA,Distancia y tiempo estimado desde su ubicación</h3,NA,NA,NA,NA,NA,NA,NA,NA,NA,NA,NA,NA,NA
42,Tlalpan,Calle: Insurgentes Sur No.3827,Tlalpan,La Fama Barrio,14269,19.291904,-99.175987,lunes a viernes,07:00-15:00,sábado,07:00-15:00,domingo,N/A,Análisis Clínicos,Colposcopía*,Densitometría,Electrocardiografía en Reposo,Mastografía*,Radiología Convencional,Ultrasonido Convencional*,Ultrasonido Mamario*,NA,*Estudios que requieren previa cita.</p,NA,NA,NA,NA,NA,NA,NA,NA,NA,NA,NA,NA
43,Town Center El Rosario,Calle: Av. el Rosario No. 1025 Local H10,Azcapotzalco,Tierra Nueva,2130,19.50264,-99.203864,lunes a viernes,07:00-19:00,sábado,07:00-15:00,domingo,08:00-14:00,Análisis Clínicos,Colposcopía*,Electrocardiografía en Reposo,Holter Cardiaco*,Holter M.A.P.A.*,Mastografía*,Radiología Convencional,Ultrasonido Convencional*,Ultrasonido Mamario*,NA,*Estudios que requieren previa cita.</p,NA,NA,NA,NA,NA,NA,NA,NA,NA,NA,NA
44,Satélite Centro Cívico,Calle: Circuito Centro Comercial # 17 lote 5 manzana 6,Naucalpan de Juárez,Ciudad Satélite Fraccionamiento,53100,19.514262,-99.231277,lunes a viernes,06:00-20:00,sábado,06:00-17:00,domingo,07:00-14:00,Análisis Clínicos,Audiometría,Colposcopía*,Densitometría,Ecocardiografía*,Ecocardiografía Pediátrica*,Electrocardiografía en Reposo,Endoscopía*,Espirometría,Examen Médico,Holter Cardiaco*,Holter M.A.P.A.*,Mastografía*,Neurofisiología*,Radiología Convencional,Resonancia Magnética*,Tomografía Computarizada*,Ultrasonido  Doppler*,Ultrasonido Convencional*,Ultrasonido Cuarta Dimensión*,Ultrasonido Mamario*,Ultrasonido Músculo Esquelético*
45,Tlalnepantla,Calle: Multiplaza Arboledas Vía Gustavo Baz 2000 Local 30,Tlalnepantla de Baz,Centro Industrial Tlalnepantla Zona Industrial,54030,19.546364,-99.209054,lunes a viernes,07:00-15:00,sábado,07:00-15:00,domingo,N/A,Análisis Clínicos,Colposcopía*,Densitometría,Electrocardiografía en Reposo,Holter Cardiaco*,Holter M.A.P.A.*,Mastografía*,Radiología Convencional,Ultrasonido Convencional*,Ultrasonido Mamario*,NA,*Estudios que requieren previa cita.</p,NA,NA,NA,NA,NA,NA,NA,NA,NA,NA
46,Tlalpan Hospitales,Calle: Calz. de Tlalpan No. 4655  Local 1-D,Tlalpan,Toriello Guerra,14050,19.293806,-99.157588,lunes a viernes,07:00-19:00,sábado,07:00-15:00,domingo,08:00-14:00,Análisis Clínicos,Colposcopía*,Electrocardiografía en Reposo,Espirometría,Mastografía*,Radiología Convencional,Servicio Médico a Empresas,Ultrasonido Convencional*,Ultrasonido Mamario*,NA,*Estudios que requieren previa cita.</p,NA,NA,NA,NA,NA,NA,NA,NA,NA,NA,NA
47,Universidad,Calle: Avenida  Universidad No. 230,Benito Juárez,Narvarte Poniente,3020,19.390627,-99.151998,lunes a viernes,07:00-15:00,sábado,07:00-15:00,domingo,N/A,Análisis Clínicos,Ph y Manometría*,NA,*Estudios que requieren previa cita.</p,NA,NA,Distancia y tiempo estimado desde su ubicación</h3,NA,NA,Ir con Google Maps</a,NA,NA,NA,NA,NA,NA,NA,NA,NA,NA,NA,NA
48,Villa Coapa,Calle: Avenida Canal de Miramontes No. 3280 Local 18,Tlalpan,Residencial Villa Coapa,14390,19.295793,-99.125218,lunes a viernes,06:00-20:00,sábado,06:00-15:00,domingo,08:00-14:00,Análisis Clínicos,Colposcopía*,Densitometría,Electrocardiografía en Reposo,Holter Cardiaco*,Holter M.A.P.A.*,Mastografía*,Radiología Convencional,Resonancia Magnética*,Tomografía Computarizada*,Ultrasonido Convencional*,NA,*Estudios que requieren previa cita.</p,NA,NA,NA,NA,NA,NA,NA,NA,NA
49,Villas del Real Tecámac,Calle: Carretera Federal México Pachuca KM 34,Tecámac,Villas del Renacimiento,55764,19.68803,-98.98817,lunes a viernes,07:00-15:00,sábado,07:00-15:00,domingo,N/A,Análisis Clínicos,Electrocardiografía en Reposo,Radiología Convencional,Ultrasonido Convencional*,Ultrasonido Mamario*,NA,*Estudios que requieren previa cita.</p,NA,NA,Distancia y tiempo estimado desde su ubicación</h3,NA,NA,NA,NA,NA,NA,NA,NA,NA,NA,NA,NA
50,Toluca Centro,Calle: Hidalgo 406 - B,Toluca,Toluca de Lerdo Centro,50000,19.290245,-99.658926,lunes a viernes,07:00-19:00,sábado,07:00-15:00,domingo,N/A,Análisis Clínicos,Colposcopía*,Electrocardiografía en Reposo,Mastografía*,Radiología Convencional,Servicio Médico a Empresas,Ultrasonido  Doppler*,Ultrasonido Convencional*,Ultrasonido Mamario*,Ultrasonido Músculo Esquelético*,NA,*Estudios que requieren previa cita.</p,NA,NA,NA,NA,NA,NA,NA,NA,NA,NA
51,Toluca Plaza IZAR Metepec,Calle: Leona Vicario No. 936 Planta Alta,Metepec,Ex-hacienda de Purísima,52156,19.261597,-99.620322,lunes a viernes,07:00-19:00,sábado,07:00-15:00,domingo,N/A,Análisis Clínicos,Densitometría,Electrocardiografía en Reposo,Radiología Convencional,Ultrasonido  Doppler*,Ultrasonido Convencional*,Ultrasonido Cuarta Dimensión*,Ultrasonido Músculo Esquelético*,NA,*Estudios que requieren previa cita.</p,NA,NA,NA,NA,NA,NA,NA,NA,NA,NA,NA,NA
52,Toluca Valle Don Camilo,Calle: Prolongación 5 de Mayo No. 820 P.B.,Toluca,Valle de Don Camilo,50140,19.275744,-99.635614,lunes a viernes,07:00-19:00,sábado,07:00-15:00,domingo,08:00-14:00,Análisis Clínicos,Audiometría,Colposcopía*,Electrocardiografía en Reposo,Espirometría,Holter Cardiaco*,Holter M.A.P.A.*,Mastografía*,Radiología Convencional,Servicio Médico a Empresas,Ultrasonido  Doppler*,Ultrasonido Convencional*,Ultrasonido Mamario*,Ultrasonido Músculo Esquelético*,NA,*Estudios que requieren previa cita.</p,NA,NA,NA,NA,NA,NA
53,Querétaro Constituyentes,"Calle: Avenida Constituyentes No. 69, Local B y C, Planta Baja",Querétaro,Casa Blanca,76030,20.58176,-100.397836,lunes a viernes,07:00-17:00,sábado,07:00-15:00,domingo,08:00-14:00,Análisis Clínicos,Audiometría,Colposcopía*,Densitometría,Electrocardiografía en Reposo,Espirometría,Mastografía*,Radiología Convencional,Servicio Médico a Empresas,Ultrasonido  Doppler*,Ultrasonido Convencional*,Ultrasonido Mamario*,Ultrasonido Músculo Esquelético*,NA,*Estudios que requieren previa cita.</p,NA,NA,NA,NA,NA,NA,NA
54,Querétaro Loma Dorada,Calle: Blvd. Bernardo Quintana No. 145,Querétaro,Loma Dorada,76060,20.593592,-100.368578,lunes a viernes,07:00-19:00,sábado,07:00-15:00,domingo,08:00-14:00,Análisis Clínicos,Audiometría,Colposcopía*,Densitometría,Electrocardiografía en Reposo,Espirometría,Mastografía*,Radiología Convencional,Servicio Médico a Empresas,Tomografía Computarizada*,Ultrasonido  Doppler*,Ultrasonido Convencional*,Ultrasonido Mamario*,Ultrasonido Músculo Esquelético*,NA,*Estudios que requieren previa cita.</p,NA,NA,NA,NA,NA,NA
55,Querétaro Plaza del Parque,"Calle: Prolongación Corregidora Norte, No.691, Centro Comercial Plaza del Parque, Local 18-A Secc. D",Querétaro,Parques Industriales,76169,20.614542,-100.390919,lunes a viernes,07:00-15:00,sábado,07:00-15:00,domingo,N/A,Análisis Clínicos,Audiometría,Electrocardiografía en Reposo,Mastografía*,Radiología Convencional,Servicio Médico a Empresas,Ultrasonido Convencional*,Ultrasonido Mamario*,NA,*Estudios que requieren previa cita.</p,NA,NA,NA,NA,NA,NA,NA,NA,NA,NA,NA,NA
56,Querétaro Plaza Quiwi,"Calle: Anillo Vial Fray Junipero Sierra N° 9390, Local 5 y 6 (Plaza Quiwi)",Querétaro,El Refugio,76146,20.64613,-100.3443518,lunes a viernes,07:00-15:00,sábado,07:00-15:00,domingo,N/A,Análisis Clínicos,Electrocardiografía en Reposo,Radiología Convencional,Ultrasonido Convencional*,NA,*Estudios que requieren previa cita.</p,NA,NA,Distancia y tiempo estimado desde su ubicación</h3,NA,NA,NA,NA,NA,NA,NA,NA,NA,NA,NA,NA,NA
57,Querétaro Sur 40,"Calle: Blvd. Centro Sur No.40, Local 13 y 14",Querétaro,La Alhambra,76090,20.561821,-100.373014,lunes a viernes,07:00-15:00,sábado,07:00-15-00,domingo,N/A,Análisis Clínicos,Electrocardiografía en Reposo,Radiología Convencional,Ultrasonido Convencional*,NA,*Estudios que requieren previa cita.</p,NA,NA,Distancia y tiempo estimado desde su ubicación</h3,NA,NA,NA,NA,NA,NA,NA,NA,NA,NA,NA,NA,NA
58,Las Quintas,Calle: Av. Gustavo Díaz Ordaz 19 (Plaza Platino),Cuernavaca,Cantarranas,62448,18.917628,-99.218748,lunes a viernes,07:00-15:00,sábado,07:00-15:00,domingo,N/A,Análisis Clínicos,NA,*Estudios que requieren previa cita.</p,NA,NA,NA,NA,NA,NA,NA,,NA,NA,NA,NA,NA,NA,NA,NA,NA,NA,NA
59,Crucero,"Calle: Av. Tulum Lt.31, Súper Manzana 65, Mz.5",Cancún,"Quintana Roo, México",77524,21.17629,-86.82808,lunes a viernes,07:00-15:00,sábado,07:00-15:00,domingo,N/A,Análisis Clínicos,NA,*Estudios que requieren previa cita.</p,NA,NA,NA,NA,NA,NA,NA,NA,NA,NA,NA,NA,NA,NA,NA,NA,NA,NA,NA
60,Huayacán,"Calle: Av. Huayacán S/N, Local 4, Súper Manzana 311",Cancún,"Quintana Roo, México",77500,21.115987,-86.847938,lunes a viernes,07:00-15:00,sábado,07:00-15:00,domingo,N/A,Análisis Clínicos,NA,*Estudios que requieren previa cita.</p,NA,NA,NA,NA,NA,NA,NA,NA,NA,NA,NA,NA,NA,NA,NA,NA,NA,NA,NA
61,La Luna,"Calle: Av. de la Luna, Lote.2 Locales 1 y 2, Súper Manzana 44",Cancún,"Quintana Roo, México",77506,21.14854,-86.84225,lunes a viernes,07:00-15:00,sábado,07:00-15:00,domingo,N/A,Análisis Clínicos,NA,*Estudios que requieren previa cita.</p,NA,NA,NA,NA,NA,NA,NA,NA,NA,NA,NA,NA,NA,NA,NA,NA,NA,NA,NA
62,Las Torres,"Calle: Av. Las Torres Lote1, Súper Manzana 523, Mz.28",Cancún,"Quintana Roo, México",77533,21.13307,-86.8468,lunes a viernes,07:00-15:00,sábado,07:00-15:00,domingo,N/A,Análisis Clínicos,NA,*Estudios que requieren previa cita.</p,NA,NA,NA,NA,NA,NA,NA,NA,NA,NA,NA,NA,NA,NA,NA,NA,NA,NA,NA
63,López Portillo,"Calle: Av. López Portillo Reg.91, Lt 6 y 7, Súper Manzana 91, Mz.60",Cancún,"Quintana Roo, México",77516,21.16616,-86.84334,lunes a viernes,07:00-15:00,sábado,07:00-15:00,domingo,N/A,Análisis Clínicos,NA,*Estudios que requieren previa cita.</p,NA,NA,NA,NA,NA,NA,NA,NA,NA,NA,NA,NA,NA,NA,NA,NA,NA,NA,NA
64,Multiplaza Arco Norte,"Calle: Paseos del Mar Lote 119-63, Súper Manzana 255, Mz.11",Cancún,"Quintana Roo, México",77519,21.175093,-86.912548,lunes a viernes,07:00-15:00,sábado,07:00-15:00,domingo,N/A,Análisis Clínicos,NA,*Estudios que requieren previa cita.</p,NA,NA,NA,NA,NA,NA,NA,NA,NA,NA,NA,NA,NA,NA,NA,NA,NA,NA,NA
65,Multiplaza Lak´in,"Calle: Av. Orquideas Mz.101 Lt.1, Súper Manzana 259, El Encanto",Cancún,"Quintana Roo, México",77539,21.145085,-86.90553,lunes a viernes,07:00-15:00,sábado,07:00-15:00,domingo,N/A,Análisis Clínicos,NA,*Estudios que requieren previa cita.</p,NA,NA,NA,NA,NA,NA,NA,NA,NA,NA,NA,NA,NA,NA,NA,NA,NA,NA,NA
66,Multiplaza Villas del Mar,"Calle: Paseos del Mar Lote 1, Súper Manzana 18",Cancún,"Quintana Roo, México",77516,21.189208,-86.871325,lunes a viernes,07:00-15:00,sábado,07:00-15:00,domingo,N/A,Análisis Clínicos,NA,*Estudios que requieren previa cita.</p,NA,NA,NA,NA,NA,NA,NA,NA,NA,NA,NA,NA,NA,NA,NA,NA,NA,NA,NA
67,Plaza Nichupté,"Calle: Mz 5 Lote 8-13, Avenida Nichupté, Súper manzana 16",Cancún,"Quintana Roo, México",77505,21.141599,-86.83128,lunes a viernes,6:30-20:00,sábado,7:00-14:00,domingo,N/A,Análisis Clínicos,Colposcopía*,Electrocardiografía en Reposo,Mastografía*,Radiología Convencional,Ultrasonido Convencional*,NA,*Estudios que requieren previa cita.</p,NA,NA,NA,NA,NA,NA,NA,NA,NA,NA,NA,NA,NA,NA
68,Polígono Sur,"Calle: Av.135 Lt.71, Súper Manzana 321, Mz.72",Cancún,"Quintana Roo, México",77535,21.1261,-86.87678,lunes a viernes,07:00-15:00,sábado,07:00-15:00,domingo,N/A,Análisis Clínicos,Colposcopía*,Densitometría,Electrocardiografía en Reposo,Mastografía*,Radiología Convencional,Ultrasonido  Doppler*,Ultrasonido Convencional*,Ultrasonido Cuarta Dimensión*,Ultrasonido Músculo Esquelético*,NA,*Estudios que requieren previa cita.</p,NA,NA,NA,NA,NA,NA,NA,NA,NA,NA
69,Caucel,Calle: Carretera Periférico Lic. Manuel Berzunza Tablaje No. 10113,Mérida Yucatán,Cd. Caucel,97300,20.999894,-89.680694,lunes a viernes,7:00 a 15:00,sábado,7:00 a 15:00,domingo,N/A,Análisis Clínicos,NA,*Estudios que requieren previa cita.</p,NA,NA,NA,NA,NA,NA,NA,NA,NA,NA,NA,NA,NA,NA,NA,NA,NA,NA,NA
70,Centro,Calle: Calle 69 No.495 entre Calle 60 y Calle 58,Mérida Yucatán,Centro,97000,20.962332,-89.623417,lunes a viernes,07:00-15:00,sábado,07:00-15:00,domingo,N/A,Análisis Clínicos,NA,*Estudios que requieren previa cita.</p,NA,NA,NA,NA,NA,NA,NA,NA,NA,NA,NA,NA,NA,NA,NA,NA,NA,NA,NA
71,Circuito Colonias Oriente,Calle: Calle 4 No. 451 C25B y 57,Mérida Yucatán,Lázaro Cárdenas,97157,20.968697,-89.591336,lunes a viernes,07:00-15:00,sábado,07:00-15:00,domingo,N/A,Análisis Clínicos,NA,*Estudios que requieren previa cita.</p,NA,NA,NA,NA,NA,NA,NA,NA,NA,NA,NA,NA,NA,NA,NA,NA,NA,NA,NA
72,Circuito Colonias Sur,Calle: Circuito Colonias No. 388 Local 1 x 42 y 44,Mérida Yucatán,Santa Rosa,97279,20.938379,-89.6118,lunes a viernes,7:00 a 15:00,sábado,07:00-15:00,domingo,N/A,Análisis Clínicos,NA,*Estudios que requieren previa cita.</p,NA,NA,NA,NA,NA,NA,NA,NA,NA,NA,NA,NA,NA,NA,NA,NA,NA,NA,NA
73,Itzaes,Calle: Calle 31 No. 130,Mérida Yucatán,México,7125,20.986399,-89.639192,lunes a viernes,7:00 a 15:00,sábado,07:00-15:00,domingo,N/A,Análisis Clínicos,NA,*Estudios que requieren previa cita.</p,NA,NA,NA,NA,NA,NA,NA,NA,NA,NA,NA,NA,NA,NA,NA,NA,NA,NA,NA
74,Macroplaza,Calle: Calle 33 No. 200-A,Mérida Yucatán,Poligono 108,97143,20.998565,-89.574232,lunes a viernes,07:00-15:00,sábado,07:00-15:00,domingo,N/A,Análisis Clínicos,Colposcopía*,Densitometría,Electrocardiografía en Reposo,Mastografía*,Radiología Convencional,Ultrasonido Convencional*,NA,*Estudios que requieren previa cita.</p,NA,NA,Distancia y tiempo estimado desde su ubicación</h3,NA,NA,NA,NA,NA,NA,NA,NA,NA,NA
75,Montejo,"Calle: Prolongación Paseo de Montejo Calle 30 No. 103A, Entre calle 21 y Calle 23",Mérida Yucatán,México,97125,21.002921,-89.615348,lunes a viernes,07:00-15:00,sábado,07:00-15:00,domingo,N/A,Análisis Clínicos,Colposcopía*,Densitometría,Electrocardiografía en Reposo,Mastografía*,Radiología Convencional,Ultrasonido Convencional*,NA,*Estudios que requieren previa cita.</p,NA,NA,Distancia y tiempo estimado desde su ubicación</h3,NA,NA,NA,NA,NA,NA,NA,NA,NA,NA
76,Plaza 21,"Calle: Av. 21 No. 195, por 12 y 14",Mérida Yucatán,México Oriente,97137,21.000547,-89.600867,lunes a viernes,07:00-15:00,sábado,07:00-15:00,domingo,N/A,Análisis Clínicos,NA,*Estudios que requieren previa cita.</p,NA,NA,NA,NA,NA,NA,NA,NA,NA,NA,NA,NA,NA,NA,NA,NA,NA,NA,NA
77,Xcumpich,Calle: Calle 1 # 300 x Calle 22-A y 22-B,Mérida Yucatán,Col. Bugambilias,97205,21.030353,-89.634658,lunes a viernes,7:00 a 15:00,sábado,7:00 a 15:00,domingo,N/A,Análisis Clínicos,NA,*Estudios que requieren previa cita.</p,NA,NA,NA,NA,NA,NA,NA,NA,NA,NA,NA,NA,NA,NA,NA,NA,NA,NA,NA
